business_name,city,phone,email,demo_url,audio_url,deployed_at
"Sam's Welding Inc.",San Diego CA,(619) 281-2709,samsweldinginc@yahoo.com,https://sams-welding-inc.netlify.app,./audio.mp3,2026-05-25T20:30:00
San Diego Mobile Welder,San Diego CA,858-437-2339,vova@sandiegomobilewelder.com,https://san-diego-mobile-welder.netlify.app,./audio.mp3,2026-05-25T20:30:00
Morena Welding,San Diego CA,619-275-4829,,https://morena-welding.netlify.app,,2026-05-25T20:30:00
California On-Site Welding,Riverside CA,,,https://california-on-site-welding.netlify.app,,2026-05-25T20:30:00
American Mobile Welding,Ontario CA,,,https://american-mobile-welding.netlify.app,,2026-05-25T20:30:00
Rivera's Mobile Welding Services,Costa Mesa CA,(949) 903-6797,https://riveras-mobile-welding-service.netlify.app,,2026-05-28T00:16:32.015532
Leo G And Sons Welding,Salinas CA,(831) 262-7787,https://leo-g-and-sons-welding.netlify.app,,2026-05-28T00:16:32.023397
Eagle Welding Services Inc,Sacramento CA,(916) 600-8993,https://eagle-welding-services-inc.netlify.app,,2026-05-28T00:16:32.030096
ATS Welding & Fabrication,Sacramento CA,(916) 621-5883,https://ats-welding-&-fabrication.netlify.app,,2026-05-28T00:16:32.036161
Allweld Metal Fabrication Inc,Napa CA,(707) 815-5280,https://allweld-metal-fabrication-inc.netlify.app,,2026-05-28T00:16:32.042365
Roland's Mobile Welding,Ontario CA,(909) 762-6342,https://rolands-mobile-welding.netlify.app,,2026-05-28T00:16:32.047908
Fabworx Inc,Santa Rosa CA,(707) 579-7000,https://fabworx-inc.netlify.app,,2026-05-28T00:16:32.054232
New Generation Welding,Marysville CA,(530) 806-8659,https://new-generation-welding.netlify.app,,2026-05-28T00:16:32.060747
